{"cameraMode":{"drawMode":0,"name":"Shaded","section":"Shading Mode"},"sceneLighting":false,"audioPlay":false,"sceneViewState":{"showFog":true,"showMaterialUpdate":false,"showSkybox":true,"showFlares":true,"showImageEffects":true,"showParticleSystems":true},"in2DMode":false,"pivot":{"x":-2.0799436569213869,"y":86.81591033935547,"z":0.36771392822265627},"rotation":{"x":0.1918681412935257,"y":-0.43840306997299197,"z":0.0963771864771843,"w":0.8727592825889587},"size":312.13201904296877,"orthographic":false}