{"cameraMode":{"drawMode":0,"name":"Shaded","section":"Shading Mode"},"sceneLighting":false,"audioPlay":false,"sceneViewState":{"showFog":true,"showMaterialUpdate":false,"showSkybox":true,"showFlares":true,"showImageEffects":true,"showParticleSystems":true},"in2DMode":false,"pivot":{"x":-1.7999992370605469,"y":4.899999618530273,"z":0.3000011444091797},"rotation":{"x":-0.09195515513420105,"y":0.8982067108154297,"z":-0.22582228481769563,"w":-0.3657510280609131},"size":142.5360107421875,"orthographic":false}