{"cameraMode":{"drawMode":0,"name":"Shaded","section":"Shading Mode"},"sceneLighting":false,"audioPlay":false,"sceneViewState":{"showFog":true,"showMaterialUpdate":false,"showSkybox":true,"showFlares":true,"showImageEffects":true,"showParticleSystems":true},"in2DMode":false,"pivot":{"x":-19.200000762939454,"y":-6.543940544128418,"z":3.4014599323272707},"rotation":{"x":0.1918681412935257,"y":-0.43840306997299197,"z":0.0963771864771843,"w":0.8727592825889587},"size":2.8578836917877199,"orthographic":false}